date,open,high,low,close
2021-06-28,133.41,135.25,133.39,134.78
2021-06-25,133.46,133.89,132.81,133.11
2021-06-24,134.45,134.64,132.93,133.41
2021-06-23,133.77,134.32,133.23,133.7
2021-06-22,132.13,134.08,131.62,133.98
2021-06-21,130.3,132.41,129.21,132.3
2021-06-18,130.71,131.51,130.25,130.46
2021-06-17,129.8,132.55,129.65,131.79
2021-06-16,130.37,130.89,128.46,130.15
2021-06-15,129.94,130.59,129.39,129.64
2021-06-14,127.82,130.49,127.07,130.48
2021-06-11,126.53,127.44,126.1,127.35
2021-06-10,127.02,128.19,125.94,126.11
2021-06-09,127.21,127.75,126.52,127.13
2021-06-08,126.6,128.46,126.21,126.74
2021-06-07,126.17,126.31,124.83,125.9
2021-06-04,124.07,126.16,123.85,125.89
2021-06-03,124.68,124.85,123.13,123.54
2021-06-02,124.28,125.24,124.05,125.06
2021-06-01,125.08,125.35,123.95,124.28
2021-05-28,125.57,125.8,124.55,124.61
2021-05-27,126.44,127.64,125.08,125.28
2021-05-26,126.96,127.39,126.42,126.85
2021-05-25,127.82,128.32,126.32,126.9
2021-05-24,126.01,127.94,125.94,127.1
2021-05-21,127.82,128.0,125.21,125.43
2021-05-20,125.23,127.72,125.1,127.31
2021-05-19,123.16,124.92,122.88,124.69
2021-05-18,126.56,126.99,124.78,124.85
2021-05-17,126.82,126.92,125.17,126.27
2021-05-14,126.25,127.89,125.85,127.45
2021-05-13,124.58,126.15,124.26,124.97
2021-05-12,123.4,124.64,122.25,122.77
2021-05-11,123.5,126.27,122.77,125.91
2021-05-10,129.41,129.54,126.81,126.85
2021-05-07,130.85,131.26,129.48,130.21
2021-05-06,127.89,129.75,127.13,129.74
2021-05-05,129.2,130.45,127.97,128.1
2021-05-04,131.19,131.49,126.7,127.85
2021-05-03,132.04,134.07,131.83,132.54
2021-04-30,131.78,133.56,131.07,131.46
2021-04-29,136.47,137.07,132.45,133.48
2021-04-28,134.31,135.02,133.08,133.58
2021-04-27,135.01,135.41,134.11,134.39
2021-04-26,134.83,135.06,133.56,134.72
2021-04-23,132.16,135.12,132.16,134.32
2021-04-22,133.04,134.15,131.41,131.94
2021-04-21,132.36,133.75,131.3,133.5
2021-04-20,135.02,135.53,131.81,133.11
2021-04-19,133.51,135.47,133.34,134.84
2021-04-16,134.3,134.67,133.28,134.16
2021-04-15,133.82,135.0,133.64,134.5
2021-04-14,134.940002,135.0,131.660004,132.029999
2021-04-13,132.440002,134.660004,131.929993,134.429993
2021-04-12,132.520004,132.850006,130.630005,131.240005
2021-04-09,129.800003,133.039993,129.470001,133.0
2021-04-08,128.949997,130.389999,128.520004,130.360001
2021-04-07,125.830002,127.919998,125.139999,127.900002
2021-04-06,126.5,127.129997,125.650002,126.209999
2021-04-05,123.870003,126.160004,123.07,125.900002
2021-04-01,123.660004,124.18,122.489998,123.0
2021-03-31,121.650002,123.519997,121.150002,122.150002
2021-03-30,120.110001,120.400002,118.860001,119.900002
2021-03-29,121.650002,122.580002,120.730003,121.389999
2021-03-26,120.349998,121.480003,118.919998,121.209999
2021-03-25,119.540001,121.660004,119.0,120.589996
2021-03-24,122.82,122.900002,120.07,120.089996
2021-03-23,123.330002,124.239998,122.139999,122.540001
2021-03-22,120.330002,123.870003,120.260002,123.389999
2021-03-19,119.900002,121.43,119.68,119.989998
2021-03-18,122.879997,123.18,120.32,120.529999
2021-03-17,124.050003,125.860001,122.339996,124.760002
2021-03-16,125.699997,127.220001,124.720001,125.57
2021-03-15,121.410004,124.0,120.419998,123.989998
2021-03-12,120.400002,121.169998,119.160004,121.029999
2021-03-11,122.540001,123.209999,121.260002,121.959999
2021-03-10,121.690002,122.169998,119.449997,119.980003
2021-03-09,119.029999,122.059998,118.790001,121.089996
2021-03-08,120.93,121.0,116.209999,116.360001
2021-03-05,120.980003,121.940002,117.57,121.419998
2021-03-04,121.75,123.599998,118.620003,120.129997
2021-03-03,124.809998,125.709999,121.839996,122.059998
2021-03-02,128.410004,128.720001,125.010002,125.120003
2021-03-01,123.75,127.93,122.790001,127.790001
2021-02-26,122.589996,124.849998,121.199997,121.260002
2021-02-25,124.68,126.459999,120.540001,120.989998
2021-02-24,124.940002,125.559998,122.230003,125.349998
2021-02-23,123.760002,126.709999,118.389999,125.860001
2021-02-22,128.009995,129.720001,125.599998,126.0
2021-02-19,130.240005,130.710007,128.800003,129.869995
2021-02-18,129.199997,130.0,127.410004,129.710007
2021-02-17,131.25,132.220001,129.470001,130.839996
2021-02-16,135.490005,136.009995,132.789993,133.190002
2021-02-12,134.350006,135.529999,133.690002,135.369995
2021-02-11,135.899994,136.389999,133.770004,135.130005
2021-02-10,136.479996,136.990005,134.399994,135.389999
2021-02-09,136.619995,137.880005,135.850006,136.009995
2021-02-08,136.029999,136.960007,134.919998,136.910004
2021-02-05,137.350006,137.419998,135.860001,136.759995
2021-02-04,136.300003,137.399994,134.589996,137.389999
2021-02-03,135.759995,135.770004,133.610001,133.940002
2021-02-02,135.729996,136.309998,134.610001,134.990005
2021-02-01,133.75,135.380005,130.929993,134.139999
2021-01-29,135.830002,136.740005,130.210007,131.960007
2021-01-28,139.520004,141.990005,136.699997,137.089996
2021-01-27,143.429993,144.300003,140.410004,142.059998
2021-01-26,143.600006,144.300003,141.369995,143.160004
2021-01-25,143.070007,145.089996,136.539993,142.919998
2021-01-22,136.279999,139.850006,135.020004,139.070007
2021-01-21,133.800003,139.669998,133.589996,136.869995
2021-01-20,128.660004,132.490005,128.550003,132.029999
2021-01-19,127.779999,128.710007,126.940002,127.830002
2021-01-15,128.779999,130.220001,127.0,127.139999
2021-01-14,130.800003,131.0,128.759995,128.910004
2021-01-13,128.759995,131.449997,128.490005,130.889999
2021-01-12,128.5,129.690002,126.860001,128.800003
2021-01-11,129.190002,130.169998,128.5,128.979996
2021-01-08,132.429993,132.630005,130.229996,132.050003
2021-01-07,128.360001,131.630005,127.860001,130.919998
2021-01-06,127.720001,131.050003,126.379997,126.599998
2021-01-05,128.889999,131.740005,128.429993,131.009995
2021-01-04,133.520004,133.610001,126.760002,129.410004
2020-12-31,134.080002,134.740005,131.720001,132.690002
2020-12-30,135.580002,135.990005,133.399994,133.720001
2020-12-29,138.050003,138.789993,134.339996,134.869995
2020-12-28,133.990005,137.339996,133.509995,136.690002
2020-12-24,131.320007,133.460007,131.100006,131.970001
2020-12-23,132.160004,132.429993,130.779999,130.960007
2020-12-22,131.610001,134.410004,129.649994,131.880005
2020-12-21,125.019997,128.309998,123.449997,128.229996
2020-12-18,128.960007,129.100006,126.120003,126.660004
2020-12-17,128.899994,129.580002,128.039993,128.699997
2020-12-16,127.410004,128.369995,126.559998,127.809998
2020-12-15,124.339996,127.900002,124.129997,127.879997
2020-12-14,122.599998,123.349998,121.540001,121.779999
2020-12-11,122.43,122.760002,120.550003,122.410004
2020-12-10,120.5,123.870003,120.150002,123.239998
2020-12-09,124.529999,125.949997,121.0,121.779999
2020-12-08,124.370003,124.980003,123.089996,124.379997
2020-12-07,122.309998,124.57,122.25,123.75
2020-12-04,122.599998,122.860001,121.519997,122.25
2020-12-03,123.519997,123.779999,122.209999,122.940002
2020-12-02,122.019997,123.370003,120.889999,123.080002
2020-12-01,121.010002,123.470001,120.010002,122.720001
2020-11-30,116.970001,120.970001,116.809998,119.050003
2020-11-27,116.57,117.489998,116.220001,116.589996
2020-11-25,115.550003,116.75,115.169998,116.029999
2020-11-24,113.910004,115.849998,112.589996,115.169998
2020-11-23,117.18,117.620003,113.75,113.849998
2020-11-20,118.639999,118.769997,117.290001,117.339996
2020-11-19,117.589996,119.059998,116.809998,118.639999
2020-11-18,118.610001,119.82,118.0,118.029999
2020-11-17,119.550003,120.669998,118.959999,119.389999
2020-11-16,118.919998,120.989998,118.150002,120.300003
2020-11-13,119.440002,119.669998,117.870003,119.260002
2020-11-12,119.620003,120.529999,118.57,119.209999
2020-11-11,117.190002,119.629997,116.440002,119.489998
2020-11-10,115.550003,117.589996,114.129997,115.970001
2020-11-09,120.5,121.989998,116.050003,116.32
2020-11-06,118.32,119.199997,116.129997,118.690002
2020-11-05,117.949997,119.620003,116.870003,119.029999
2020-11-04,114.139999,115.589996,112.349998,114.949997
2020-11-03,109.660004,111.489998,108.730003,110.440002
2020-11-02,109.110001,110.68,107.32,108.769997
2020-10-30,111.059998,111.989998,107.720001,108.860001
2020-10-29,112.370003,116.93,112.199997,115.32
2020-10-28,115.050003,115.43,111.099998,111.199997
2020-10-27,115.489998,117.279999,114.540001,116.599998
2020-10-26,114.010002,116.550003,112.879997,115.050003
2020-10-23,116.389999,116.550003,114.279999,115.040001
2020-10-22,117.449997,118.040001,114.589996,115.75
2020-10-21,116.669998,118.709999,116.449997,116.870003
2020-10-20,116.199997,118.980003,115.629997,117.510002
2020-10-19,119.959999,120.419998,115.660004,115.980003
2020-10-16,121.279999,121.550003,118.809998,119.019997
2020-10-15,118.720001,121.199997,118.150002,120.709999
2020-10-14,121.0,123.029999,119.620003,121.190002
2020-10-13,125.269997,125.389999,119.650002,121.099998
2020-10-12,120.059998,125.18,119.279999,124.400002
2020-10-09,115.279999,117.0,114.919998,116.970001
2020-10-08,116.25,116.400002,114.589996,114.970001
2020-10-07,114.620003,115.550003,114.129997,115.080002
2020-10-06,115.699997,116.120003,112.25,113.160004
2020-10-05,113.910004,116.650002,113.550003,116.5
2020-10-02,112.889999,115.370003,112.220001,113.019997
2020-10-01,117.639999,117.720001,115.830002,116.790001
2020-09-30,113.790001,117.260002,113.620003,115.809998
2020-09-29,114.550003,115.309998,113.57,114.089996
2020-09-28,115.010002,115.32,112.779999,114.959999
2020-09-25,108.43,112.440002,107.669998,112.279999
2020-09-24,105.169998,110.25,105.0,108.220001
2020-09-23,111.620003,112.110001,106.769997,107.120003
2020-09-22,112.68,112.860001,109.160004,111.809998
2020-09-21,104.540001,110.190002,103.099998,110.080002
2020-09-18,110.400002,110.879997,106.089996,106.839996
2020-09-17,109.720001,112.199997,108.709999,110.339996
2020-09-16,115.230003,116.0,112.040001,112.129997
2020-09-15,118.330002,118.830002,113.610001,115.540001
2020-09-14,114.720001,115.93,112.800003,115.360001
2020-09-11,114.57,115.230003,110.0,112.0
2020-09-10,120.360001,120.5,112.5,113.489998
2020-09-09,117.260002,119.139999,115.260002,117.32
2020-09-08,113.949997,118.989998,112.68,112.82
2020-09-04,120.07,123.699997,110.889999,120.959999
2020-09-03,126.910004,128.839996,120.5,120.879997
2020-09-02,137.589996,137.979996,127.0,131.399994
2020-09-01,132.759995,134.800003,130.529999,134.179993
2020-08-31,127.580002,131.0,126.0,129.039993
2020-08-28,126.012497,126.442497,124.577499,124.807503
2020-08-27,127.142502,127.485001,123.832497,125.010002
2020-08-26,126.18,126.9925,125.082497,126.522499
2020-08-25,124.697502,125.18,123.052498,124.824997
2020-08-24,128.697495,128.785004,123.9375,125.857498
2020-08-21,119.262497,124.8675,119.25,124.370003
2020-08-20,115.2684925143,117.9,115.2510653124,117.9
2020-08-19,115.982498,117.162498,115.610001,115.707497
2020-08-18,114.352501,116.0,114.0075,115.5625
2020-08-17,116.0625,116.087502,113.962502,114.607498
2020-08-14,114.830002,115.0,113.044998,114.907501
2020-08-13,114.43,116.042503,113.927498,115.010002
2020-08-12,110.497498,113.275002,110.297501,113.010002
2020-08-11,111.970001,112.482498,109.107498,109.375
2020-08-10,112.599998,113.775002,110.0,112.727501
2020-08-07,113.205002,113.675003,110.292503,111.112503
2020-08-06,110.404999,114.412498,109.797501,113.902496
2020-08-05,109.377502,110.392502,108.897499,110.0625
2020-08-04,109.1325,110.790001,108.387497,109.665001
2020-08-03,108.199997,111.637497,107.892502,108.9375
2020-07-31,102.885002,106.415001,100.824997,106.260002
2020-07-30,94.1875,96.297501,93.767502,96.190002
2020-07-29,93.75,95.230003,93.712502,95.040001
2020-07-28,94.3675,94.550003,93.247498,93.252502
2020-07-27,93.709999,94.904999,93.480003,94.809998
2020-07-24,90.987503,92.970001,89.144997,92.614998
2020-07-23,96.997498,97.077499,92.010002,92.845001
2020-07-22,96.692497,97.974998,96.602501,97.272499
2020-07-21,99.172501,99.25,96.7425,97.0
2020-07-20,96.417503,98.5,96.0625,98.357498
2020-07-17,96.987503,97.147499,95.839996,96.327499
2020-07-16,96.5625,97.404999,95.904999,96.522499
2020-07-15,98.989998,99.247498,96.489998,97.724998
2020-07-14,94.839996,97.254997,93.877502,97.057503
2020-07-13,97.264999,99.955002,95.2575,95.477501
2020-07-10,95.334999,95.980003,94.705002,95.919998
2020-07-09,96.262497,96.317497,94.672501,95.752502
2020-07-08,94.18,95.375,94.089996,95.342499
2020-07-07,93.852501,94.654999,93.057503,93.172501
2020-07-06,92.5,93.945,92.467499,93.462502
2020-07-02,91.962502,92.6175,90.910004,91.027496
2020-07-01,91.279999,91.839996,90.977501,91.027496
2020-06-30,90.019997,91.495003,90.0,91.199997
2020-06-29,88.3125,90.542503,87.82,90.445
2020-06-26,91.102501,91.330002,88.254997,88.407501
2020-06-25,90.175003,91.25,89.392502,91.209999
2020-06-24,91.25,92.197502,89.629997,90.014999
2020-06-23,91.0,93.095001,90.567497,91.6325
2020-06-22,87.834999,89.864998,87.787498,89.717499
2020-06-19,88.660004,89.139999,86.287498,87.43
2020-06-18,87.852501,88.362503,87.305,87.932503
2020-06-17,88.787498,88.849998,87.772499,87.897499
2020-06-16,87.864998,88.300003,86.18,88.019997
2020-06-15,83.3125,86.419998,83.144997,85.747498
2020-06-12,86.18,86.949997,83.555,84.699997
2020-06-11,87.327499,87.764999,83.870003,83.974998
2020-06-10,86.974998,88.692497,86.522499,88.209999
2020-06-09,83.035004,86.402496,83.002502,85.997498
2020-06-08,82.5625,83.400002,81.830002,83.364998
2020-06-05,80.837502,82.9375,80.807503,82.875
2020-06-04,81.097504,81.404999,80.195,80.580002
2020-06-03,81.165001,81.550003,80.574997,81.279999
2020-06-02,80.1875,80.860001,79.732498,80.834999
2020-06-01,79.4375,80.587502,79.302498,80.462502
2020-05-29,79.8125,80.287498,79.1175,79.485001
2020-05-28,79.192497,80.860001,78.907501,79.5625
2020-05-27,79.035004,79.677498,78.272499,79.527496
2020-05-26,80.875,81.059998,79.125,79.182503
2020-05-22,78.942497,79.807503,78.837502,79.722504
2020-05-21,79.665001,80.222504,78.967499,79.212502
2020-05-20,79.169998,79.879997,79.129997,79.807503
2020-05-19,78.7575,79.629997,78.252502,78.285004
2020-05-18,78.292503,79.125,77.580002,78.739998
2020-05-15,75.087502,76.974998,75.052498,76.927498
2020-05-14,76.127502,77.447502,75.3825,77.385002
2020-05-13,78.037498,78.987503,75.802498,76.912498
2020-05-12,79.457497,79.922501,77.727501,77.852501
2020-05-11,77.025002,79.262497,76.809998,78.752502
2020-05-08,76.410004,77.587502,76.072502,77.532501
2020-05-07,75.805,76.292503,75.4925,75.934998
2020-05-06,75.114998,75.809998,74.717499,75.157501
2020-05-05,73.764999,75.25,73.614998,74.389999
2020-05-04,72.292503,73.422501,71.580002,73.290001
2020-05-01,71.5625,74.75,71.462502,72.267502
2020-04-30,72.489998,73.6325,72.087502,73.449997
2020-04-29,71.182503,72.417503,70.972504,71.932503
2020-04-28,71.269997,71.457497,69.550003,69.644997
2020-04-27,70.449997,71.135002,69.987503,70.792503
2020-04-24,69.300003,70.752502,69.25,70.7425
2020-04-23,68.967499,70.4375,68.717499,68.7575
2020-04-22,68.402496,69.474998,68.050003,69.025002
2020-04-21,69.07,69.3125,66.357498,67.092499
2020-04-20,69.487503,70.419998,69.212502,69.232498
2020-04-17,71.172501,71.737503,69.214996,70.699997
2020-04-16,71.845001,72.050003,70.587502,71.672501
2020-04-15,70.599998,71.582497,70.157501,71.107498
2020-04-14,70.0,72.0625,69.512497,71.762497
2020-04-13,67.077499,68.425003,66.457497,68.3125
2020-04-09,67.175003,67.517502,66.175003,66.997498
2020-04-08,65.684998,66.842499,65.307503,66.517502
2020-04-07,67.699997,67.925003,64.75,64.857498
2020-04-06,62.724998,65.777496,62.345001,65.6175
2020-04-03,60.700001,61.424999,59.7425,60.352501
2020-04-02,60.084999,61.287498,59.224998,61.232498
2020-04-01,61.625,62.18,59.782501,60.227501
2020-03-31,63.900002,65.622498,63.0,63.572498
2020-03-30,62.685001,63.880001,62.349998,63.702499
2020-03-27,63.1875,63.967499,61.762501,61.935001
2020-03-26,61.630001,64.669998,61.59,64.610001
2020-03-25,62.6875,64.5625,61.075001,61.380001
2020-03-24,59.09,61.922501,58.575001,61.720001
2020-03-23,57.02,57.125,53.1525,56.092499
2020-03-20,61.794998,62.9575,57.0,57.310001
2020-03-19,61.8475,63.209999,60.6525,61.195
2020-03-18,59.942501,62.5,59.279999,61.6675
2020-03-17,61.877499,64.402496,59.599998,63.215
2020-03-16,60.487499,64.769997,60.0,60.552502
2020-03-13,66.222504,69.980003,63.237499,69.4925
2020-03-12,63.985001,67.5,62.0,62.057499
2020-03-11,69.347504,70.305,67.964996,68.857498
2020-03-10,69.285004,71.610001,67.342499,71.334999
2020-03-09,65.9375,69.522499,65.75,66.542503
2020-03-06,70.5,72.705002,70.307503,72.2575
2020-03-05,73.879997,74.887497,72.852501,73.230003
2020-03-04,74.110001,75.849998,73.282501,75.684998
2020-03-03,75.917503,76.0,71.449997,72.330002
2020-03-02,70.57,75.360001,69.43,74.702499
2020-02-28,64.315002,69.602501,64.092499,68.339996
2020-02-27,70.275002,71.5,68.239998,68.379997
2020-02-26,71.6325,74.470001,71.625,73.162498
2020-02-25,75.237503,75.6325,71.532501,72.019997
2020-02-24,74.315002,76.044998,72.307503,74.544998
2020-02-21,79.654999,80.112503,77.625,78.262497
2020-02-20,80.657501,81.162498,79.552498,80.074997
2020-02-19,80.0,81.142502,80.0,80.904999
2020-02-18,78.839996,79.9375,78.652496,79.75
2020-02-14,81.184998,81.495003,80.712502,81.237503
2020-02-13,81.047501,81.555,80.837502,81.217499
2020-02-12,80.3675,81.805,80.3675,81.800003
2020-02-11,80.900002,80.974998,79.677498,79.902496
2020-02-10,78.544998,80.387497,78.462502,80.387497
2020-02-07,80.592499,80.849998,79.5,80.0075
2020-02-06,80.642502,81.305,80.065002,81.302498
2020-02-05,80.879997,81.190002,79.737503,80.362503
2020-02-04,78.827499,79.910004,78.407501,79.712502
2020-02-03,76.074997,78.372498,75.555,77.165001
2020-01-31,80.232498,80.669998,77.072502,77.377502
2020-01-30,80.135002,81.022499,79.6875,80.967499
2020-01-29,81.112503,81.962502,80.345001,81.084999
2020-01-28,78.150002,79.599998,78.047501,79.422501
2020-01-27,77.514999,77.942497,76.220001,77.237503
2020-01-24,80.0625,80.832497,79.379997,79.577499
2020-01-23,79.480003,79.889999,78.912498,79.807503
2020-01-22,79.644997,79.997498,79.327499,79.425003
2020-01-21,79.297501,79.754997,79.0,79.142502
2020-01-17,79.067497,79.684998,78.75,79.682503
2020-01-16,78.397499,78.925003,78.022499,78.809998
2020-01-15,77.962502,78.875,77.387497,77.834999
2020-01-14,79.175003,79.392502,78.042503,78.169998
2020-01-13,77.910004,79.267502,77.787498,79.239998
2020-01-10,77.650002,78.167503,77.0625,77.582497
2020-01-09,76.809998,77.607498,76.550003,77.407501
2020-01-08,74.290001,76.110001,74.290001,75.797501
2020-01-07,74.959999,75.224998,74.370003,74.597504
2020-01-06,73.447502,74.989998,73.1875,74.949997
2020-01-03,74.287498,75.144997,74.125,74.357498
2020-01-02,74.059998,75.150002,73.797501,75.087502
2019-12-31,72.482498,73.419998,72.379997,73.412498
2019-12-30,72.364998,73.172501,71.305,72.879997
2019-12-27,72.779999,73.4925,72.029999,72.449997
2019-12-26,71.205002,72.495003,71.175003,72.477501
2019-12-24,71.172501,71.222504,70.730003,71.067497
2019-12-23,70.1325,71.0625,70.092499,71.0
2019-12-20,70.557503,70.662498,69.639999,69.860001
2019-12-19,69.875,70.294998,69.737503,70.004997
2019-12-18,69.949997,70.474998,69.779999,69.934998
2019-12-17,69.892502,70.442497,69.699997,70.102501
2019-12-16,69.25,70.197502,69.245003,69.964996
2019-12-13,67.864998,68.824997,67.732498,68.787498
2019-12-12,66.945,68.139999,66.830002,67.864998
2019-12-11,67.202499,67.775002,67.125,67.692497
2019-12-10,67.150002,67.517502,66.464996,67.120003
2019-12-09,67.5,67.699997,66.227501,66.730003
2019-12-06,66.870003,67.75,66.824997,67.677498
2019-12-05,65.947502,66.472504,65.682503,66.394997
2019-12-04,65.267502,65.827499,65.169998,65.434998
2019-12-03,64.577499,64.8825,64.072502,64.862503
2019-12-02,66.817497,67.0625,65.862503,66.040001
2019-11-29,66.650002,67.0,66.474998,66.8125
2019-11-27,66.394997,66.995003,66.327499,66.959999
2019-11-26,66.735001,66.790001,65.625,66.072502
2019-11-25,65.677498,66.610001,65.629997,66.592499
2019-11-22,65.647499,65.794998,65.209999,65.445
2019-11-21,65.922501,66.002502,65.294998,65.502502
2019-11-20,66.385002,66.519997,65.099998,65.797501
2019-11-19,66.974998,67.0,66.347504,66.572502
2019-11-18,66.449997,66.857498,66.057503,66.775002
2019-11-15,65.919998,66.445,65.752502,66.440002
2019-11-14,65.9375,66.220001,65.525002,65.660004
2019-11-13,65.282501,66.195,65.267502,66.1175
2019-11-12,65.387497,65.697502,65.230003,65.489998
2019-11-11,64.574997,65.6175,64.57,65.550003
2019-11-08,64.672501,65.110001,64.212502,65.035004
2019-11-07,64.684998,65.087502,64.527496,64.857498
2019-11-06,64.192497,64.372498,63.842499,64.309998
2019-11-05,64.262497,64.547501,64.080002,64.282501
2019-11-04,64.332497,64.462502,63.845001,64.375
2019-11-01,62.384998,63.982498,62.290001,63.955002
2019-10-31,61.810001,62.2925,59.314999,62.189999
2019-10-30,61.189999,61.325001,60.302502,60.814999
2019-10-29,62.2425,62.4375,60.642502,60.822498
2019-10-28,61.855,62.3125,61.68,62.262501
2019-10-25,60.790001,61.682499,60.720001,61.645
2019-10-24,61.127499,61.200001,60.452499,60.895
2019-10-23,60.525002,60.810001,60.305,60.794998
2019-10-22,60.290001,60.549999,59.904999,59.990002
2019-10-21,59.380001,60.247501,59.330002,60.127499
2019-10-18,58.647499,59.395,58.572498,59.102501
2019-10-17,58.772499,59.037498,58.380001,58.82
2019-10-16,58.342499,58.810001,58.299999,58.592499
2019-10-15,59.0975,59.412498,58.720001,58.830002
2019-10-14,58.724998,59.532501,58.6675,58.967499
2019-10-11,58.237499,59.41,58.077499,59.052502
2019-10-10,56.982498,57.610001,56.825001,57.522499
2019-10-09,56.7575,56.947498,56.41,56.7575
2019-10-08,56.455002,57.014999,56.0825,56.099998
2019-10-07,56.567501,57.482498,56.459999,56.764999
2019-10-04,56.41,56.872501,55.9725,56.752499
2019-10-03,54.607498,55.240002,53.782501,55.205002
2019-10-02,55.764999,55.895,54.482498,54.740002
2019-10-01,56.267502,57.055,56.049999,56.147499
2019-09-30,55.224998,56.145,55.197498,55.9925
2019-09-27,55.134998,55.240002,54.32,54.705002
2019-09-26,55.0,55.235001,54.7075,54.9725
2019-09-25,54.637501,55.375,54.285,55.2575
2019-09-24,55.2575,55.622501,54.297501,54.419998
2019-09-23,54.737499,54.959999,54.412498,54.68
2019-09-20,55.345001,55.639999,54.3675,54.432499
2019-09-19,55.502499,55.939999,55.092499,55.240002
2019-09-18,55.264999,55.712502,54.860001,55.692501
2019-09-17,54.990002,55.205002,54.779999,55.174999
2019-09-16,54.432499,55.032501,54.389999,54.974998
2019-09-13,55.0,55.197498,54.255001,54.6875
2019-09-12,56.200001,56.605,55.715,55.772499
2019-09-11,54.517502,55.927502,54.432499,55.897499
2019-09-10,53.465,54.195,52.927502,54.174999
2019-09-09,53.709999,54.110001,52.767502,53.5425
2019-09-06,53.512501,53.605,53.127499,53.314999
2019-09-05,53.0,53.4925,52.877499,53.32
2019-09-04,52.0975,52.369999,51.830002,52.297501
2019-09-03,51.607498,51.744999,51.055,51.424999
2019-08-30,52.540001,52.612499,51.799999,52.185001
2019-08-29,52.125,52.330002,51.665001,52.252499
2019-08-28,51.025002,51.43,50.830002,51.3825
2019-08-27,51.965,52.137501,50.8825,51.040001
2019-08-26,51.465,51.797501,51.264999,51.622501
2019-08-23,52.357498,53.012501,50.25,50.66
2019-08-22,53.297501,53.610001,52.6875,53.115002
2019-08-21,53.247501,53.412498,52.900002,53.16
2019-08-20,52.720001,53.337502,52.580002,52.59
2019-08-19,52.654999,53.182499,52.5075,52.587502
2019-08-16,51.07,51.790001,50.959999,51.625
2019-08-15,50.865002,51.285,49.9175,50.435001
2019-08-14,50.790001,51.610001,50.647499,50.6875
2019-08-13,50.255001,53.035,50.119999,52.2425
2019-08-12,49.904999,50.512501,49.787498,50.119999
2019-08-09,50.325001,50.689999,49.822498,50.247501
2019-08-08,50.049999,50.8825,49.8475,50.857498
2019-08-07,48.852501,49.889999,48.455002,49.759998
2019-08-06,49.077499,49.517502,48.509998,49.25
2019-08-05,49.497501,49.662498,48.145,48.334999
2019-08-02,51.3825,51.607498,50.407501,51.005001
2019-08-01,53.474998,54.5075,51.685001,52.107498
2019-07-31,54.105,55.342499,52.825001,53.259998
2019-07-30,52.189999,52.540001,51.827499,52.195
2019-07-29,52.115002,52.66,52.110001,52.419998
2019-07-26,51.869999,52.432499,51.785,51.935001
2019-07-25,52.2225,52.310001,51.682499,51.755001
2019-07-24,51.9175,52.287498,51.7925,52.1675
2019-07-23,52.115002,52.227501,51.822498,52.209999
2019-07-22,50.912498,51.807499,50.9025,51.805
2019-07-19,51.447498,51.625,50.59,50.647499
2019-07-18,51.0,51.470001,50.924999,51.415001
2019-07-17,51.012501,51.272499,50.817501,50.837502
2019-07-16,51.147499,51.5275,50.875,51.125
2019-07-15,51.022499,51.467499,51.0,51.302502
2019-07-12,50.612499,51.0,50.549999,50.825001
2019-07-11,50.827499,51.0975,50.427502,50.4375
2019-07-10,50.462502,50.932499,50.389999,50.807499
2019-07-09,49.799999,50.377499,49.702499,50.310001
2019-07-08,50.202499,50.349998,49.602501,50.005001
2019-07-05,50.837502,51.27,50.724998,51.057499
2019-07-03,50.82,51.110001,50.672501,51.102501
2019-07-02,50.352501,50.782501,50.34,50.682499
2019-07-01,50.7925,51.122501,50.162498,50.387501
2019-06-28,49.669998,49.875,49.262501,49.48
2019-06-27,50.072498,50.392502,49.892502,49.935001
2019-06-26,49.442501,50.247501,49.337502,49.950001
2019-06-25,49.607498,49.814999,48.822498,48.892502
2019-06-24,49.634998,50.040001,49.5425,49.645
2019-06-21,49.700001,50.212502,49.537498,49.695
2019-06-20,50.092499,50.1525,49.5075,49.865002
2019-06-19,49.919998,49.970001,49.327499,49.467499
2019-06-18,49.012501,50.072498,48.802502,49.612499
2019-06-17,48.224998,48.740002,48.0425,48.4725
2019-06-14,47.887501,48.397499,47.575001,48.185001
2019-06-13,48.674999,49.197498,48.400002,48.537498
2019-06-12,48.487499,48.9925,48.3475,48.547501
2019-06-11,48.715,49.0,48.400002,48.702499
2019-06-10,47.952499,48.842499,47.904999,48.145
2019-06-07,46.627499,47.98,46.442501,47.537498
2019-06-06,45.77,46.3675,45.537498,46.305
2019-06-05,46.07,46.247501,45.285,45.634998
2019-06-04,43.860001,44.9575,43.630001,44.91
2019-06-03,43.900002,44.48,42.567501,43.325001
2019-05-31,44.057499,44.497501,43.747501,43.767502
2019-05-30,44.487499,44.807499,44.1675,44.575001
2019-05-29,44.105,44.837502,44.0,44.345001
2019-05-28,44.73,45.147499,44.477501,44.557499
2019-05-24,45.049999,45.535,44.654999,44.7425
2019-05-23,44.950001,45.134998,44.452499,44.915001
2019-05-22,46.165001,46.427502,45.637501,45.695
2019-05-21,46.305,47.0,46.174999,46.650002
2019-05-20,45.880001,46.087502,45.07,45.772499
2019-05-17,46.732498,47.724998,46.689999,47.25
2019-05-16,47.477501,48.1175,47.209999,47.52
2019-05-15,46.567501,47.9375,46.505001,47.73
2019-05-14,46.602501,47.424999,46.352501,47.165001
2019-05-13,46.927502,47.369999,45.712502,46.43
2019-05-10,49.355,49.712502,48.192501,49.294998
2019-05-09,50.099998,50.419998,49.165001,50.18
2019-05-08,50.474998,51.334999,50.4375,50.724998
2019-05-07,51.470001,51.855,50.2075,50.715
2019-05-06,51.072498,52.209999,50.875,52.119999
2019-05-03,52.7225,52.959999,52.557499,52.9375
2019-05-02,52.459999,53.162498,52.032501,52.287498
2019-05-01,52.470001,53.827499,52.307499,52.630001
2019-04-30,50.764999,50.849998,49.7775,50.1675
2019-04-29,51.099998,51.4925,50.965,51.1525
2019-04-26,51.224998,51.25,50.529999,51.075001
2019-04-25,51.7075,51.939999,51.279999,51.32
2019-04-24,51.84,52.119999,51.762501,51.790001
2019-04-23,51.107498,51.9375,50.974998,51.869999
2019-04-22,50.7075,51.235001,50.584999,51.1325
2019-04-18,50.779999,51.037498,50.630001,50.965
2019-04-17,49.884998,50.845001,49.6525,50.782501
2019-04-16,49.865002,50.342499,49.639999,49.8125
2019-04-15,49.645,49.962502,49.502499,49.807499
2019-04-12,49.799999,50.035,49.052502,49.717499
2019-04-11,50.212502,50.25,49.610001,49.737499
2019-04-10,49.669998,50.185001,49.544998,50.154999
2019-04-09,50.080002,50.712502,49.807499,49.875
2019-04-08,49.105,50.057499,49.084999,50.025002
2019-04-05,49.112499,49.275002,48.982498,49.25
2019-04-04,48.697498,49.092499,48.285,48.922501
2019-04-03,48.3125,49.125,48.287498,48.837502
2019-04-02,47.772499,48.615002,47.762501,48.505001
2019-04-01,47.91,47.919998,47.095001,47.810001
2019-03-29,47.4575,47.52,47.134998,47.487499
2019-03-28,47.237499,47.389999,46.8825,47.18
2019-03-27,47.1875,47.439999,46.637501,47.1175
2019-03-26,47.915001,48.220001,46.145,46.697498
2019-03-25,47.877499,47.994999,46.650002,47.185001
2019-03-22,48.834999,49.422501,47.695,47.762501
2019-03-21,47.505001,49.0825,47.452499,48.772499
2019-03-20,46.557499,47.372501,46.182499,47.040001
2019-03-19,47.087502,47.247501,46.48,46.6325
2019-03-18,46.450001,47.0975,46.447498,47.005001
2019-03-15,46.212502,46.8325,45.935001,46.529999
2019-03-14,45.974998,46.025002,45.639999,45.932499
2019-03-13,45.5625,45.825001,45.23,45.427502
2019-03-12,45.0,45.6675,44.842499,45.227501
2019-03-11,43.872501,44.779999,43.837502,44.724998
2019-03-08,42.580002,43.267502,42.375,43.227501
2019-03-07,43.467499,43.610001,43.005001,43.125
2019-03-06,43.6675,43.872501,43.485001,43.630001
2019-03-05,43.985001,44.0,43.634998,43.8825
2019-03-04,43.922501,44.4375,43.4925,43.962502
2019-03-01,43.57,43.787498,43.2225,43.7425
2019-02-28,43.580002,43.727501,43.23,43.287498
2019-02-27,43.302502,43.75,43.182499,43.717499
2019-02-26,43.427502,43.825001,43.2925,43.5825
2019-02-25,43.540001,43.967499,43.487499,43.557499
2019-02-22,42.895,43.25,42.845001,43.2425
2019-02-21,42.950001,43.092499,42.575001,42.764999
2019-02-20,42.797501,43.330002,42.747501,43.0075
2019-02-19,42.427502,42.860001,42.372501,42.732498
2019-02-15,42.8125,42.924999,42.4375,42.605
2019-02-14,42.427502,42.814999,42.345001,42.700001
2019-02-13,42.8475,43.119999,42.48,42.544998
2019-02-12,42.525002,42.75,42.424999,42.7225
2019-02-11,42.762501,42.802502,42.3125,42.357498
2019-02-08,42.247501,42.665001,42.105,42.602501
2019-02-07,43.099998,43.485001,42.584999,42.735001
2019-02-06,43.662498,43.892502,43.212502,43.560001
2019-02-05,43.215,43.77,43.087502,43.544998
2019-02-04,41.852501,42.915001,41.82,42.8125
2019-02-01,41.740002,42.244999,41.482498,41.630001
2019-01-31,41.5275,42.25,41.139999,41.610001
2019-01-30,40.8125,41.537498,40.057499,41.3125
2019-01-29,39.0625,39.532501,38.5275,38.669998
2019-01-28,38.947498,39.0825,38.415001,39.075001
2019-01-25,38.869999,39.532501,38.580002,39.439999
2019-01-24,38.5275,38.619999,37.935001,38.174999
2019-01-23,38.537498,38.785,37.924999,38.48
2019-01-22,39.102501,39.182499,38.154999,38.325001
2019-01-18,39.375,39.470001,38.994999,39.205002
2019-01-17,38.549999,39.415001,38.314999,38.965
2019-01-16,38.27,38.970001,38.25,38.735001
2019-01-15,37.567501,38.3475,37.512501,38.267502
2019-01-14,37.712502,37.817501,37.305,37.5
2019-01-11,38.220001,38.424999,37.877499,38.072498
2019-01-10,38.125,38.4925,37.715,38.450001
2019-01-09,37.822498,38.6325,37.407501,38.327499
2019-01-08,37.389999,37.955002,37.130001,37.6875
2019-01-07,37.174999,37.2075,36.474998,36.982498
2019-01-04,36.1325,37.137501,35.950001,37.064999
2019-01-03,35.994999,36.43,35.5,35.547501
2019-01-02,38.7225,39.712502,38.557499,39.48
2018-12-31,39.6325,39.84,39.119999,39.435001
2018-12-28,39.375,39.630001,38.637501,39.057499
2018-12-27,38.959999,39.192501,37.517502,39.037498
2018-12-26,37.075001,39.307499,36.68,39.2925
2018-12-24,37.037498,37.887501,36.647499,36.7075
2018-12-21,39.215,39.540001,37.407501,37.682499
2018-12-20,40.099998,40.5275,38.825001,39.2075
2018-12-19,41.5,41.862499,39.772499,40.2225
2018-12-18,41.345001,41.8825,41.0975,41.517502
2018-12-17,41.362499,42.087502,40.682499,40.985001
2018-12-14,42.25,42.27,41.32,41.369999
2018-12-13,42.622501,43.142502,42.387501,42.737499
2018-12-12,42.599998,42.98,42.255001,42.275002
2018-12-11,42.915001,42.947498,41.75,42.157501
2018-12-10,41.25,42.522499,40.8325,42.400002
2018-12-07,43.372501,43.622501,42.075001,42.122501
2018-12-06,42.939999,43.695,42.605,43.68
2018-12-04,45.237499,45.5975,44.067501,44.172501
2018-12-03,46.115002,46.235001,45.302502,46.205002
2018-11-30,45.072498,45.0825,44.2575,44.645
2018-11-29,45.665001,45.700001,44.424999,44.887501
2018-11-28,44.182499,45.322498,43.732498,45.235001
2018-11-27,42.877499,43.692501,42.720001,43.560001
2018-11-26,43.560001,43.737499,42.564999,43.654999
2018-11-23,43.735001,44.150002,43.025002,43.072498
2018-11-21,44.932499,45.067501,44.137501,44.195
2018-11-20,44.592499,45.3675,43.877499,44.244999
2018-11-19,47.5,47.674999,46.247501,46.465
2018-11-16,47.625,48.7425,47.365002,48.3825
2018-11-15,47.0975,47.9925,46.724998,47.852501
2018-11-14,48.474998,48.619999,46.482498,46.700001
2018-11-13,47.907501,49.294998,47.862499,48.057499
2018-11-12,49.75,49.962502,48.447498,48.5425
2018-11-09,51.387501,51.502499,50.5625,51.1175
2018-11-08,52.494999,52.529999,51.6875,52.122501
2018-11-07,51.4925,52.514999,51.032501,52.487499
2018-11-06,50.48,51.18,50.422501,50.942501
2018-11-05,51.075001,51.0975,49.5425,50.397499
2018-11-02,52.387501,53.412498,51.357498,51.869999
2018-11-01,54.762501,55.59,54.202499,55.555
2018-10-31,54.220001,55.112499,54.154999,54.715
2018-10-30,52.787498,53.794998,52.317501,53.325001
2018-10-29,54.797501,54.922501,51.522499,53.060001
2018-10-26,53.974998,55.047501,53.1675,54.075001
2018-10-25,54.427502,55.345001,54.1875,54.950001
2018-10-24,55.650002,56.057499,53.634998,53.772499
2018-10-23,53.9575,55.8125,53.674999,55.682499
2018-10-22,54.947498,55.84,54.735001,55.162498
2018-10-19,54.514999,55.314999,54.357498,54.827499
2018-10-18,54.465,54.935001,53.25,54.005001
2018-10-17,55.575001,55.66,54.834999,55.297501
2018-10-16,54.732498,55.747501,54.189999,55.537498
2018-10-15,55.290001,55.4575,54.317501,54.34
2018-10-12,55.105,55.720001,54.209999,55.5275
2018-10-11,53.630001,54.875,53.080002,53.612499
2018-10-10,56.365002,56.587502,54.012501,54.09
2018-10-09,55.91,56.817501,55.5625,56.717499
2018-10-08,55.552502,56.200001,55.049999,55.942501
2018-10-05,56.990002,57.102501,55.145,56.072498
2018-10-04,57.695,58.087502,56.682499,56.997501
2018-10-03,57.512501,58.3675,57.445,58.017502
2018-10-02,56.8125,57.5,56.657501,57.32
2018-10-01,56.987499,57.355,56.587502,56.814999
2018-09-28,56.197498,56.459999,56.005001,56.435001
2018-09-27,55.955002,56.610001,55.884998,56.237499
2018-09-26,55.25,55.9375,54.939999,55.105
2018-09-25,54.9375,55.705002,54.924999,55.547501
2018-09-24,54.205002,55.314999,54.157501,55.197498
2018-09-21,55.195,55.34,54.322498,54.415001
2018-09-20,55.060001,55.57,54.787498,55.0075
2018-09-19,54.625,54.904999,53.825001,54.592499
2018-09-18,54.447498,55.462502,54.279999,54.560001
2018-09-17,55.537498,55.737499,54.317501,54.470001
2018-09-14,56.4375,56.709999,55.630001,55.959999
2018-09-13,55.880001,57.087502,55.642502,56.602501
2018-09-12,56.235001,56.25,54.959999,55.267502
2018-09-11,54.502499,56.075001,54.139999,55.962502
2018-09-10,55.237499,55.462502,54.1175,54.5825
2018-09-07,55.462502,56.342499,55.177502,55.325001
2018-09-06,56.557499,56.837502,55.325001,55.775002
2018-09-05,57.247501,57.4175,56.275002,56.717499
2018-09-04,57.102501,57.294998,56.657501,57.09
2018-08-31,56.627499,57.217499,56.5,56.907501
2018-08-30,55.8125,57.064999,55.599998,56.2575
2018-08-29,55.037498,55.872501,54.852501,55.744999
2018-08-28,54.752499,55.134998,54.73,54.924999
2018-08-27,54.287498,54.685001,54.0825,54.485001
2018-08-24,54.150002,54.224998,53.7775,54.040001
2018-08-23,53.662498,54.262501,53.650002,53.872501
2018-08-22,53.525002,54.09,53.459999,53.762501
2018-08-21,54.200001,54.297501,53.5075,53.759998
2018-08-20,54.525002,54.794998,53.7775,53.865002
2018-08-17,53.360001,54.487499,53.290001,54.395
2018-08-16,52.9375,53.452499,52.8675,53.330002
2018-08-15,52.305,52.685001,52.0825,52.560001
2018-08-14,52.540001,52.639999,52.064999,52.4375
2018-08-13,52.327499,52.737499,51.924999,52.217499
2018-08-10,51.84,52.275002,51.6675,51.8825
2018-08-09,52.3825,52.445,51.799999,52.220001
2018-08-08,51.512501,51.952499,51.130001,51.8125
2018-08-07,52.330002,52.375,51.689999,51.7775
2018-08-06,52.0,52.3125,51.767502,52.267502
2018-08-03,51.7575,52.185001,51.369999,51.997501
2018-08-02,50.145,52.095001,50.087502,51.8475
2018-08-01,49.782501,50.439999,49.327499,50.375
2018-07-31,47.575001,48.035,47.334999,47.572498
2018-07-30,47.974998,48.049999,47.267502,47.477501
2018-07-27,48.747501,48.797501,47.525002,47.744999
2018-07-26,48.6525,48.990002,48.4025,48.552502
2018-07-25,48.264999,48.712502,48.107498,48.705002
2018-07-24,48.112499,48.415001,48.012501,48.25
2018-07-23,47.669998,47.990002,47.389999,47.9025
2018-07-20,47.945,48.107498,47.5425,47.860001
2018-07-19,47.422501,48.137501,47.422501,47.970001
2018-07-18,47.945,47.950001,47.482498,47.599998
2018-07-17,47.4375,47.967499,47.299999,47.862499
2018-07-16,47.880001,48.162498,47.605,47.727501
2018-07-13,47.77,47.959999,47.724998,47.8325
2018-07-12,47.3825,47.852501,47.327499,47.7575
2018-07-11,47.125,47.445,46.9025,46.970001
2018-07-10,47.677502,47.82,47.544998,47.587502
2018-07-09,47.375,47.669998,47.325001,47.645
2018-07-06,46.355,47.107498,46.299999,46.9925
2018-07-05,46.314999,46.602501,46.07,46.349998
2018-07-03,46.947498,46.987499,45.884998,45.98
2018-07-02,45.955002,46.825001,45.855,46.794998
2018-06-29,46.572498,46.797501,45.727501,46.2775
2018-06-28,46.025002,46.552502,45.950001,46.375
2018-06-27,46.307499,46.82,46.0075,46.040001
2018-06-26,45.747501,46.6325,45.634998,46.107498
2018-06-25,45.849998,46.23,45.182499,45.5425
2018-06-22,46.529999,46.537498,46.174999,46.23
2018-06-21,46.8125,47.087502,46.235001,46.365002
2018-06-20,46.587502,46.799999,46.432499,46.625
2018-06-19,46.285,46.5825,45.862499,46.422501
2018-06-18,46.970001,47.305,46.799999,47.185001
2018-06-15,47.5075,47.540001,47.064999,47.209999
2018-06-14,47.887501,47.892502,47.555,47.700001
2018-06-13,48.105,48.220001,47.610001,47.674999
2018-06-12,47.8475,48.1525,47.787498,48.07
2018-06-11,47.837502,47.9925,47.552502,47.807499
2018-06-08,47.7925,48.0,47.442501,47.924999
2018-06-07,48.535,48.549999,48.084999,48.365002
2018-06-06,48.407501,48.52,47.98,48.494999
2018-06-05,48.267502,48.485001,48.09,48.327499
2018-06-04,47.91,48.355,47.837502,47.9575
2018-06-01,46.997501,47.564999,46.9375,47.560001
2018-05-31,46.805,47.057499,46.535,46.717499
2018-05-30,46.93,47.0,46.695,46.875
2018-05-29,46.900002,47.1875,46.717499,46.974998
2018-05-25,47.057499,47.412498,46.912498,47.145
2018-05-24,47.192501,47.209999,46.552502,47.037498
2018-05-23,46.587502,47.125,46.439999,47.09
2018-05-22,47.095001,47.220001,46.695,46.790001
2018-05-21,47.0,47.317501,46.727501,46.907501
2018-05-18,46.797501,46.952499,46.532501,46.577499
2018-05-17,47.0,47.227501,46.59,46.747501
2018-05-16,46.517502,47.115002,46.5,47.044998
2018-05-15,46.695,46.767502,46.275002,46.610001
2018-05-14,47.252499,47.3825,46.965,47.037498
2018-05-11,47.372501,47.514999,46.862499,47.147499
2018-05-10,46.935001,47.592499,46.912498,47.509998
2018-05-09,46.637501,46.849998,46.305,46.84
2018-05-08,46.247501,46.555,45.9175,46.512501
2018-05-07,46.294998,46.9175,46.1875,46.290001
2018-05-04,44.5625,46.0625,44.5425,45.9575
2018-05-03,43.970001,44.375,43.610001,44.2225
2018-05-02,43.807499,44.4375,43.450001,44.142502
2018-05-01,41.602501,42.299999,41.317501,42.275002
2018-04-30,40.532501,41.814999,40.459999,41.314999
2018-04-27,41.0,41.0825,40.157501,40.580002
2018-04-26,41.029999,41.432499,40.842499,41.055
2018-04-25,40.654999,41.355,40.602501,40.912498
2018-04-24,41.4175,41.5825,40.305,40.735001
2018-04-23,41.7075,41.73,41.022499,41.310001
2018-04-20,42.650002,42.805,41.357498,41.43
2018-04-19,43.439999,43.8475,43.165001,43.200001
2018-04-18,44.452499,44.705002,44.220001,44.459999
2018-04-17,44.122501,44.735001,44.102501,44.560001
2018-04-16,43.7575,44.047501,43.7075,43.955002
2018-04-13,43.695,43.959999,43.462502,43.682499
2018-04-12,43.352501,43.75,43.259998,43.535
2018-04-11,43.057499,43.48,42.924999,43.110001
2018-04-10,43.25,43.5,42.8825,43.3125
2018-04-09,42.470001,43.272499,42.462502,42.512501
2018-04-06,42.7425,43.119999,42.049999,42.095001
2018-04-05,43.145,43.557499,43.02,43.200001
2018-04-04,41.220001,43.002499,41.192501,42.9025
2018-04-03,41.91,42.1875,41.220001,42.0975
2018-04-02,41.66,42.235001,41.1175,41.669998
2018-03-29,41.952499,42.9375,41.724998,41.945
2018-03-28,41.8125,42.505001,41.297501,41.619999
2018-03-27,43.419998,43.787498,41.73,42.084999
2018-03-26,42.017502,43.275002,41.610001,43.192501
2018-03-23,42.0975,42.48,41.235001,41.235001
2018-03-22,42.5,43.169998,42.150002,42.212502
2018-03-21,43.759998,43.772499,42.814999,42.817501
2018-03-20,43.810001,44.200001,43.735001,43.810001
2018-03-19,44.330002,44.3675,43.415001,43.825001
2018-03-16,44.662498,44.779999,44.404999,44.505001
2018-03-15,44.625,45.060001,44.517502,44.662498
2018-03-14,45.080002,45.130001,44.452499,44.610001
2018-03-13,45.647499,45.875,44.810001,44.9925
2018-03-12,45.072498,45.5975,45.052502,45.43
2018-03-09,44.490002,45.0,44.3475,44.994999
2018-03-08,43.869999,44.279999,43.767502,44.235001
2018-03-07,43.735001,43.962502,43.567501,43.7575
2018-03-06,44.477501,44.5625,44.032501,44.1675
2018-03-05,43.802502,44.435001,43.630001,44.205002
2018-03-02,43.200001,44.075001,43.112499,44.052502
2018-03-01,44.634998,44.945,43.165001,43.75
2018-02-28,44.814999,45.154999,44.512501,44.529999
2018-02-27,44.775002,45.119999,44.540001,44.5975
2018-02-26,44.087502,44.8475,44.052502,44.7425
2018-02-23,43.4175,43.912498,43.384998,43.875
2018-02-22,42.950001,43.487499,42.927502,43.125
2018-02-21,43.2075,43.529999,42.752499,42.767502
2018-02-20,43.012501,43.564999,42.855,42.962502
2018-02-16,43.09,43.705002,42.942501,43.107498
2018-02-15,42.447498,43.272499,42.25,43.247501
2018-02-14,40.759998,41.884998,40.720001,41.842499
2018-02-13,40.487499,41.1875,40.412498,41.084999
2018-02-12,39.625,40.9725,39.377499,40.677502
2018-02-09,39.267502,39.4725,37.560001,39.102501
2018-02-08,40.072498,40.25,38.7575,38.787498
2018-02-07,40.772499,40.849998,39.767502,39.884998
2018-02-06,38.7075,40.93,38.5,40.7575
2018-02-05,39.775002,40.970001,39.0,39.122501
2018-02-02,41.5,41.700001,40.025002,40.125
2018-02-01,41.7925,42.154999,41.689999,41.945
2018-01-31,41.717499,42.110001,41.625,41.857498
2018-01-30,41.3825,41.842499,41.174999,41.7425
2018-01-29,42.540001,42.540001,41.767502,41.990002
2018-01-26,43.0,43.0,42.514999,42.877499
2018-01-25,43.627499,43.737499,42.6325,42.7775
2018-01-24,44.3125,44.325001,43.299999,43.555
2018-01-23,44.325001,44.860001,44.205002,44.259998
2018-01-22,44.325001,44.445,44.150002,44.25
2018-01-19,44.6525,44.895,44.352501,44.615002
2018-01-18,44.842499,45.025002,44.5625,44.814999
2018-01-17,44.037498,44.8125,43.767502,44.775002
2018-01-16,44.474998,44.8475,44.035,44.047501
2018-01-12,44.044998,44.34,43.912498,44.272499
2018-01-11,43.647499,43.872501,43.622501,43.82
2018-01-10,43.290001,43.575001,43.25,43.572498
2018-01-09,43.637501,43.764999,43.352501,43.5825
2018-01-08,43.587502,43.9025,43.482498,43.587502
2018-01-05,43.360001,43.842499,43.262501,43.75
2018-01-04,43.134998,43.3675,43.02,43.2575
2018-01-03,43.1325,43.637501,42.990002,43.057499
2018-01-02,42.540001,43.075001,42.314999,43.064999
2017-12-29,42.630001,42.647499,42.305,42.307499
2017-12-28,42.75,42.962502,42.619999,42.77
2017-12-27,42.525002,42.695,42.427502,42.650002
2017-12-26,42.700001,42.8675,42.419998,42.642502
2017-12-22,43.669998,43.855,43.625,43.752499
2017-12-21,43.5425,44.005001,43.525002,43.752499
2017-12-20,43.717499,43.855,43.3125,43.587502
2017-12-19,43.7575,43.8475,43.522499,43.634998
2017-12-18,43.720001,44.299999,43.715,44.105
2017-12-15,43.407501,43.5425,43.115002,43.4925
2017-12-14,43.099998,43.282501,42.912498,43.055
2017-12-13,43.125,43.384998,43.0,43.067501
2017-12-12,43.037498,43.0975,42.865002,42.924999
2017-12-11,42.299999,43.2225,42.197498,43.1675
2017-12-08,42.622501,42.75,42.205002,42.342499
2017-12-07,42.2575,42.610001,42.227501,42.330002
2017-12-06,41.875,42.549999,41.615002,42.252499
2017-12-05,42.264999,42.880001,42.099998,42.41
2017-12-04,43.119999,43.154999,42.407501,42.450001
2017-12-01,42.487499,42.9175,42.125,42.762501
2017-11-30,42.607498,43.035,42.110001,42.962502
2017-11-29,43.157501,43.23,41.790001,42.369999
2017-11-28,43.575001,43.717499,42.965,43.267502
2017-11-27,43.762501,43.77,43.334999,43.522499
2017-11-24,43.775002,43.875,43.662498,43.7425
2017-11-22,43.34,43.75,43.262501,43.740002
2017-11-21,42.695,43.424999,42.695,43.285
2017-11-20,42.572498,42.639999,42.389999,42.494999
2017-11-17,42.759998,42.8475,42.41,42.537498
2017-11-16,42.794998,42.967499,42.575001,42.775002
2017-11-15,42.4925,42.580002,42.095001,42.27
2017-11-14,43.259998,43.369999,42.794998,42.834999
2017-11-13,43.375,43.625,43.349998,43.4925
2017-11-10,43.7775,43.845001,43.567501,43.6675
2017-11-09,43.7775,44.025002,43.285,43.970001
2017-11-08,43.665001,44.060001,43.5825,44.060001
2017-11-07,43.477501,43.8125,43.400002,43.702499
2017-11-06,43.092499,43.747501,42.93,43.5625
2017-11-03,43.5,43.564999,42.779999,43.125
2017-11-02,41.650002,42.125,41.32,42.0275
2017-11-01,42.467499,42.485001,41.4025,41.7225
2017-10-31,41.974998,42.412498,41.735001,42.259998
2017-10-30,40.9725,42.017502,40.93,41.68
2017-10-27,39.822498,40.900002,39.674999,40.762501
2017-10-26,39.307499,39.4575,39.195,39.352501
2017-10-25,39.227501,39.387501,38.817501,39.102501
2017-10-24,39.072498,39.355,39.049999,39.275002
2017-10-23,39.2225,39.422501,38.875,39.0425
2017-10-20,39.1525,39.4375,38.990002,39.0625
2017-10-19,39.1875,39.27,38.755001,38.994999
2017-10-18,40.105,40.177502,39.900002,39.939999
2017-10-17,39.945,40.217499,39.807499,40.1175
2017-10-16,39.474998,40.0,39.412498,39.970001
2017-10-13,39.182499,39.32,39.102501,39.247501
2017-10-12,39.087502,39.342499,38.932499,39.0
2017-10-11,38.9925,39.244999,38.9375,39.137501
2017-10-10,39.014999,39.5,38.775002,38.974998
2017-10-09,38.952499,39.182499,38.872501,38.959999
2017-10-06,38.7425,38.872501,38.639999,38.825001
2017-10-05,38.544998,38.860001,38.512501,38.8475
2017-10-04,38.407501,38.465,38.115002,38.369999
2017-10-03,38.502499,38.772499,38.477501,38.619999
2017-10-02,38.564999,38.612499,38.18,38.452499
2017-09-29,38.302502,38.532501,38.0,38.529999
2017-09-28,38.4725,38.57,38.174999,38.32
2017-09-27,38.450001,38.68,38.384998,38.557499
2017-09-26,37.945,38.48,37.922501,38.285
2017-09-25,37.497501,37.9575,37.290001,37.637501
2017-09-22,37.884998,38.067501,37.639999,37.9725
2017-09-21,38.950001,38.950001,38.1875,38.3475
2017-09-20,39.474998,39.564999,38.4575,39.017502
2017-09-19,39.877499,39.942501,39.610001,39.682499
2017-09-18,40.0275,40.125,39.5,39.6675
2017-09-15,39.6175,40.2425,39.5,39.970001
2017-09-14,39.747501,39.849998,39.522499,39.57
2017-09-13,39.967499,39.990002,39.477501,39.912498
2017-09-12,40.6525,40.990002,39.692501,40.215
2017-09-11,40.125,40.512501,39.9725,40.375
2017-09-08,40.215,40.287498,39.6325,39.657501
2017-09-07,40.522499,40.560001,40.09,40.314999
2017-09-06,40.677502,40.747501,40.130001,40.477501
2017-09-05,40.9375,41.0625,40.139999,40.52
2017-09-01,41.200001,41.235001,40.907501,41.012501
2017-08-31,40.91,41.130001,40.869999,41.0
2017-08-30,40.950001,40.9725,40.6525,40.837502
2017-08-29,40.025002,40.779999,40.0,40.727501
2017-08-28,40.035,40.5,39.982498,40.3675
2017-08-25,39.912498,40.139999,39.817501,39.965
2017-08-24,40.107498,40.185001,39.637501,39.817501
2017-08-23,39.767502,40.1175,39.720001,39.994999
2017-08-22,39.557499,40.0,39.505001,39.945
2017-08-21,39.375,39.4725,38.7775,39.302502
2017-08-18,39.465,39.875,39.18,39.375
2017-08-17,40.130001,40.177502,39.459999,39.465
2017-08-16,40.485001,40.627499,40.037498,40.237499
2017-08-15,40.165001,40.549999,40.035,40.400002
2017-08-14,39.830002,40.052502,39.6875,39.962502
2017-08-11,39.150002,39.642502,39.017502,39.369999
2017-08-10,39.974998,40.0,38.657501,38.830002
2017-08-09,39.814999,40.317501,39.7775,40.264999
2017-08-08,39.650002,40.4575,39.567501,40.02
2017-08-07,39.264999,39.73,39.1675,39.702499
2017-08-04,39.017502,39.349998,38.922501,39.0975
2017-08-03,39.262501,39.302502,38.755001,38.892502
2017-08-02,39.82,39.9375,39.040001,39.285
2017-08-01,37.275002,37.555,37.102501,37.512501
2017-07-31,37.474998,37.5825,37.032501,37.182499
2017-07-28,37.4725,37.557499,37.297501,37.375
2017-07-27,38.4375,38.497501,36.825001,37.639999
2017-07-26,38.337502,38.482498,38.264999,38.365002
2017-07-25,37.950001,38.459999,37.950001,38.185001
2017-07-24,37.645,38.110001,37.474998,38.022499
2017-07-21,37.497501,37.610001,37.220001,37.567501
2017-07-20,37.875,37.935001,37.547501,37.584999
2017-07-19,37.619999,37.855,37.487499,37.755001
2017-07-18,37.299999,37.532501,37.1675,37.52
2017-07-17,37.205002,37.724998,37.142502,37.389999
2017-07-14,36.9925,37.3325,36.8325,37.259998
2017-07-13,36.375,37.122501,36.360001,36.942501
2017-07-12,36.467499,36.544998,36.205002,36.435001
2017-07-11,36.182499,36.462502,36.095001,36.3825
2017-07-10,36.0275,36.487499,35.842499,36.264999
2017-07-07,35.724998,36.1875,35.724998,36.044998
2017-07-06,35.755001,35.875,35.602501,35.682499
2017-07-05,35.922501,36.197498,35.68,36.022499
2017-07-03,36.220001,36.325001,35.775002,35.875
2017-06-30,36.112499,36.240002,35.945,36.005001
2017-06-29,36.177502,36.282501,35.57,35.919998
2017-06-28,36.122501,36.5275,35.790001,36.4575
2017-06-27,36.252499,36.540001,35.904999,35.932499
2017-06-26,36.7925,37.07,36.345001,36.455002
2017-06-23,36.282501,36.790001,36.2775,36.57
2017-06-22,36.442501,36.674999,36.279999,36.407501
2017-06-21,36.380001,36.517502,36.1525,36.467499
2017-06-20,36.717499,36.717499,36.235001,36.252499
2017-06-19,35.915001,36.685001,35.915001,36.584999
2017-06-16,35.945,36.125,35.549999,35.567501
2017-06-15,35.830002,36.119999,35.552502,36.072498
2017-06-14,36.875,36.875,35.959999,36.290001
2017-06-13,36.790001,36.862499,36.287498,36.647499
2017-06-12,36.435001,36.522499,35.627499,36.355
2017-06-09,38.797501,38.797501,36.505001,37.244999
2017-06-08,38.8125,38.884998,38.599998,38.747501
2017-06-07,38.755001,38.994999,38.619999,38.842499
2017-06-06,38.474998,38.952499,38.445,38.612499
2017-06-05,38.584999,38.612499,38.365002,38.482498
2017-06-02,38.395,38.862499,38.2225,38.862499
2017-06-01,38.2925,38.3325,38.055,38.294998
2017-05-31,38.4925,38.5425,38.095001,38.189999
2017-05-30,38.355,38.607498,38.3325,38.4175
2017-05-26,38.5,38.560001,38.327499,38.4025
2017-05-25,38.432499,38.587502,38.2575,38.467499
2017-05-24,38.459999,38.5425,38.1675,38.334999
2017-05-23,38.724998,38.724998,38.327499,38.450001
2017-05-22,38.5,38.645,38.227501,38.497501
2017-05-19,38.345001,38.494999,38.157501,38.264999
2017-05-18,37.817501,38.334999,37.782501,38.134998
2017-05-17,38.400002,38.642502,37.427502,37.5625
2017-05-16,38.985001,39.014999,38.68,38.8675
2017-05-15,39.002499,39.162498,38.762501,38.924999
2017-05-12,38.674999,39.105,38.6675,39.025002
2017-05-11,38.112499,38.517502,38.077499,38.487499
2017-05-10,38.407501,38.485001,38.0275,38.314999
2017-05-09,38.467499,38.720001,38.362499,38.497501
2017-05-08,37.2575,38.424999,37.2575,38.252499
2017-05-05,36.689999,37.244999,36.689999,37.240002
2017-05-04,36.630001,36.785,36.452499,36.6325
2017-05-03,36.397499,36.872501,36.067501,36.764999
2017-05-02,36.884998,37.022499,36.709999,36.877499
2017-05-01,36.275002,36.799999,36.240002,36.645
2017-04-28,36.022499,36.075001,35.817501,35.912498
2017-04-27,35.98,36.040001,35.827499,35.947498
2017-04-26,36.1175,36.150002,35.845001,35.919998
2017-04-25,35.977501,36.224998,35.967499,36.1325
2017-04-24,35.875,35.987499,35.794998,35.91
2017-04-21,35.610001,35.669998,35.462502,35.567501
2017-04-20,35.305,35.73,35.290001,35.610001
2017-04-19,35.470001,35.5,35.112499,35.169998
2017-04-18,35.352501,35.509998,35.2775,35.299999
2017-04-17,35.369999,35.470001,35.217499,35.4575
2017-04-13,35.477501,35.595001,35.262501,35.262501
2017-04-12,35.400002,35.537498,35.252499,35.450001
2017-04-11,35.735001,35.837502,35.014999,35.407501
2017-04-10,35.900002,35.970001,35.724998,35.7925
2017-04-07,35.932499,36.044998,35.817501,35.834999
2017-04-06,36.072498,36.130001,35.862499,35.915001
2017-04-05,36.055,36.365002,35.952499,36.005001
2017-04-04,35.8125,36.2225,35.7925,36.192501
2017-04-03,35.927502,36.029999,35.762501,35.924999
2017-03-31,35.93,36.067501,35.752499,35.915001
2017-03-30,36.047501,36.125,35.875,35.982498
2017-03-29,35.919998,36.122501,35.797501,36.029999
2017-03-28,35.227501,36.009998,35.154999,35.950001
2017-03-27,34.8475,35.305,34.654999,35.220001
2017-03-24,35.375,35.435001,35.087502,35.16
2017-03-23,35.314999,35.395,35.1525,35.23
2017-03-22,34.962502,35.400002,34.939999,35.355
2017-03-21,35.5275,35.700001,34.932499,34.959999
2017-03-20,35.099998,35.375,35.057499,35.365002
2017-03-17,35.25,35.25,34.9725,34.997501
2017-03-16,35.18,35.255001,35.064999,35.172501
2017-03-15,34.852501,35.1875,34.7575,35.115002
2017-03-14,34.825001,34.912498,34.709999,34.747501
2017-03-13,34.712502,34.857498,34.705002,34.799999
2017-03-10,34.8125,34.84,34.66,34.785
2017-03-09,34.685001,34.697498,34.262501,34.669998
2017-03-08,34.737499,34.950001,34.705002,34.75
2017-03-07,34.764999,34.994999,34.697498,34.880001
2017-03-06,34.842499,34.942501,34.650002,34.834999
2017-03-03,34.695,34.9575,34.647499,34.945
2017-03-02,35.0,35.07,34.689999,34.740002
2017-03-01,34.4725,35.037498,34.400002,34.947498
2017-02-28,34.27,34.360001,34.174999,34.247501
2017-02-27,34.285,34.360001,34.07,34.232498
2017-02-24,33.977501,34.165001,33.82,34.165001
2017-02-23,34.345001,34.369999,34.075001,34.1325
2017-02-22,34.107498,34.279999,34.0275,34.2775
2017-02-21,34.057499,34.1875,33.994999,34.174999
2017-02-17,33.775002,33.9575,33.775002,33.93
2017-02-16,33.9175,33.974998,33.709999,33.837502
2017-02-15,33.880001,34.067501,33.654999,33.877499
2017-02-14,33.3675,33.772499,33.3125,33.755001
2017-02-13,33.27,33.455002,33.1875,33.322498
2017-02-10,33.115002,33.235001,33.012501,33.029999
2017-02-09,32.912498,33.112499,32.779999,33.105
2017-02-08,32.837502,33.055,32.805,33.009998
2017-02-07,32.634998,33.022499,32.612499,32.8825
2017-02-06,32.282501,32.625,32.224998,32.572498
2017-02-03,32.077499,32.297501,32.040001,32.27
2017-02-02,31.995001,32.3475,31.945,32.1325
2017-02-01,31.7575,32.622501,31.752501,32.1875
2017-01-31,30.2875,30.3475,30.155001,30.3375
2017-01-30,30.2325,30.407499,30.165001,30.407499
2017-01-27,30.535,30.5875,30.4,30.487499
2017-01-26,30.4175,30.610001,30.4,30.485001
2017-01-25,30.105,30.525,30.07,30.469999
2017-01-24,29.887501,30.025,29.875,29.9925
2017-01-23,30.0,30.202499,29.942499,30.02
2017-01-20,30.112499,30.112499,29.932501,30.0
2017-01-19,29.85,30.022499,29.842501,29.945
2017-01-18,30.0,30.125,29.9275,29.997499
2017-01-17,29.584999,30.059999,29.555,30.0
2017-01-13,29.7775,29.905001,29.702499,29.76
2017-01-12,29.725,29.825001,29.5525,29.8125
2017-01-11,29.684999,29.9825,29.65,29.9375
2017-01-10,29.692499,29.844999,29.575001,29.7775
2017-01-09,29.487499,29.8575,29.485001,29.747499
2017-01-06,29.195,29.540001,29.1175,29.477501
2017-01-05,28.98,29.215,28.952499,29.1525
2017-01-04,28.9625,29.127501,28.9375,29.004999
2017-01-03,28.950001,29.0825,28.690001,29.0375
2016-12-30,29.1625,29.299999,28.8575,28.955
2016-12-29,29.112499,29.2775,29.1,29.182501
2016-12-28,29.379999,29.504999,29.049999,29.190001
2016-12-27,29.129999,29.450001,29.122499,29.315001
2016-12-23,28.897499,29.129999,28.897499,29.129999
2016-12-22,29.0875,29.127501,28.91,29.0725
2016-12-21,29.200001,29.35,29.195,29.264999
2016-12-20,29.184999,29.375,29.17,29.237499
2016-12-19,28.950001,29.344999,28.9375,29.16
2016-12-16,29.1175,29.125,28.9125,28.9925
2016-12-15,28.844999,29.182501,28.807501,28.955
2016-12-14,28.76,29.049999,28.745001,28.797501
2016-12-13,28.459999,28.98,28.4375,28.797501
2016-12-12,28.3225,28.75,28.122499,28.325001
2016-12-09,28.077499,28.674999,28.077499,28.487499
2016-12-08,27.715,28.1075,27.65,28.030001
2016-12-07,27.315001,27.797501,27.290001,27.7575
2016-12-06,27.375,27.59,27.297501,27.487499
2016-12-05,27.5,27.5075,27.0625,27.2775
2016-12-02,27.2925,27.522499,27.2125,27.475
2016-12-01,27.592501,27.735001,27.2575,27.372499
2016-11-30,27.9,28.049999,27.567499,27.629999
2016-11-29,27.695,28.0075,27.5175,27.865
2016-11-28,27.8575,28.1175,27.8475,27.8925
2016-11-25,27.782499,27.967501,27.737499,27.9475
2016-11-23,27.84,27.877501,27.5825,27.807501
2016-11-22,27.987499,28.105,27.85,27.950001
2016-11-21,27.530001,27.997499,27.502501,27.932501
2016-11-18,27.43,27.635,27.415001,27.514999
2016-11-17,27.452499,27.5875,27.2075,27.487499
2016-11-16,26.674999,27.557501,26.65,27.497499
2016-11-15,26.6425,26.92,26.540001,26.7775
2016-11-14,26.9275,26.952499,26.02,26.4275
2016-11-11,26.780001,27.217501,26.637501,27.1075
2016-11-10,27.772499,27.772499,26.4575,26.9475
2016-11-09,27.469999,27.83,27.012501,27.719999
2016-11-08,27.577499,27.93,27.424999,27.764999
2016-11-07,27.52,27.627501,27.365,27.602501
2016-11-04,27.1325,27.5625,27.0275,27.209999
2016-11-03,27.745001,27.865,27.387501,27.4575
2016-11-02,27.85,28.0875,27.807501,27.897499
2016-11-01,28.365,28.442499,27.6325,27.872499
2016-10-31,28.4125,28.557501,28.299999,28.385
2016-10-28,28.467501,28.8025,28.362499,28.43
2016-10-27,28.8475,28.965,28.525,28.620001
2016-10-26,28.577499,28.924999,28.327499,28.897499
2016-10-25,29.487499,29.59,29.327499,29.5625
2016-10-24,29.275,29.434999,29.25,29.4125
2016-10-21,29.202499,29.227501,29.07,29.15
2016-10-20,29.215,29.344999,29.0825,29.264999
2016-10-19,29.3125,29.440001,28.450001,29.280001
2016-10-18,29.545,29.5525,29.362499,29.3675
2016-10-17,29.3325,29.459999,29.195,29.387501
2016-10-14,29.469999,29.5425,29.282499,29.407499
2016-10-13,29.1975,29.360001,28.93,29.245001
2016-10-12,29.3375,29.495001,29.1875,29.334999
2016-10-11,29.424999,29.672501,29.049999,29.075001
2016-10-10,28.754999,29.1875,28.68,29.012501
2016-10-07,28.577499,28.639999,28.377501,28.514999
2016-10-06,28.424999,28.584999,28.282499,28.4725
2016-10-05,28.35,28.415001,28.172501,28.262501
2016-10-04,28.264999,28.577499,28.157499,28.25
2016-10-03,28.1775,28.262501,28.07,28.129999
2016-09-30,28.115,28.342501,27.950001,28.262501
2016-09-29,28.290001,28.450001,27.950001,28.045
2016-09-28,28.422501,28.66,28.3575,28.487499
2016-09-27,28.25,28.295,28.084999,28.272499
2016-09-26,27.91,28.3475,27.887501,28.219999
2016-09-23,28.605,28.6975,27.887501,28.1775
2016-09-22,28.5875,28.735001,28.5,28.655001
2016-09-21,28.4625,28.497499,28.110001,28.387501
2016-09-20,28.262501,28.530001,28.127501,28.3925
2016-09-19,28.797501,29.045,28.3125,28.395
2016-09-16,28.780001,29.032499,28.51,28.73
2016-09-15,28.465,28.932501,28.372499,28.8925
2016-09-14,27.182501,28.2575,27.15,27.942499
2016-09-13,26.877501,27.1975,26.809999,26.987499
2016-09-12,25.6625,26.43,25.6325,26.360001
2016-09-09,26.16,26.43,25.782499,25.782499
2016-09-08,26.8125,26.817499,26.309999,26.379999
2016-09-07,26.9575,27.190001,26.7675,27.09
2016-09-06,26.975,27.075001,26.877501,26.924999
2016-09-02,26.924999,27.0,26.705,26.932501
2016-09-01,26.535,26.700001,26.405001,26.682501
2016-08-31,26.415001,26.6425,26.41,26.525
2016-08-30,26.450001,26.625,26.375,26.5
2016-08-29,26.655001,26.860001,26.5725,26.705
2016-08-26,26.852501,26.987499,26.577499,26.735001
2016-08-25,26.8475,26.969999,26.67,26.8925
2016-08-24,27.1425,27.1875,26.92,27.0075
2016-08-23,27.147499,27.33,27.1325,27.2125
2016-08-22,27.215,27.275,26.9625,27.127501
2016-08-19,27.192499,27.422501,27.09,27.34
2016-08-18,27.307501,27.4,27.254999,27.27
2016-08-17,27.275,27.342501,27.084999,27.305
2016-08-16,27.407499,27.557501,27.3025,27.344999
2016-08-15,27.035,27.385,27.02,27.370001
2016-08-12,26.945,27.110001,26.945,27.045
2016-08-11,27.129999,27.2325,26.9625,26.9825
2016-08-10,27.1775,27.225,26.940001,27.0
2016-08-09,27.057501,27.235001,27.002501,27.202499
2016-08-08,26.879999,27.092501,26.790001,27.092501
2016-08-05,26.567499,26.9125,26.545,26.870001
2016-08-04,26.395,26.5,26.32,26.467501
2016-08-03,26.202499,26.459999,26.192499,26.4475
2016-08-02,26.512501,26.5175,26.0,26.120001
2016-08-01,26.102501,26.5375,26.102501,26.512501
2016-07-29,26.047501,26.137501,25.92,26.0525
2016-07-28,25.7075,26.112499,25.705,26.084999
2016-07-27,26.067499,26.0875,25.6875,25.737499
2016-07-26,24.205,24.4925,24.105,24.1675
2016-07-25,24.5625,24.709999,24.23,24.334999
2016-07-22,24.815001,24.825001,24.577499,24.665001
2016-07-21,24.9575,25.25,24.782499,24.8575
2016-07-20,25.0,25.115,24.934999,24.99
2016-07-19,24.889999,25.0,24.834999,24.967501
2016-07-18,24.674999,25.032499,24.65,24.9575
2016-07-15,24.73,24.825001,24.625,24.695
2016-07-14,24.3475,24.747499,24.33,24.6975
2016-07-13,24.352501,24.4175,24.209999,24.217501
2016-07-12,24.2925,24.424999,24.280001,24.355
2016-07-11,24.1875,24.4125,24.182501,24.245001
2016-07-08,24.122499,24.2225,24.012501,24.17
2016-07-07,23.924999,24.125,23.905001,23.985001
2016-07-06,23.65,23.915001,23.592501,23.8825
2016-07-05,23.8475,23.85,23.615,23.747499
2016-07-01,23.872499,24.1175,23.8325,23.9725
2016-06-30,23.610001,23.942499,23.575001,23.9
2016-06-29,23.4925,23.637501,23.407499,23.6
2016-06-28,23.225,23.415001,23.035,23.397499
